event_name,venue,neighborhood_area,date_start,date_end,time_start,time_end,date_time_display,pride_segment,priority_lane,steven_rating_10,rating_label,rating_rationale,lineup_djs_performers,notes,source_name,source_url,source_confidence,event_type,audience,steven_pick,details_url,ticket_url,link_label
ADE Opening Concert: KYBBA & Metropole Orkest + special guests,Melkweg,Centrum,2026-10-21,2026-10-21,18:30,21:00,"Wed 21 Oct, 18:30",Wed 21 Oct,Opening,8.0,Icon series,"A sold-out opening concert is still useful intelligence: this is the official arts-and-culture anchor, not another room in the club pile.","KYBBA / Metropole Orkest / Busy Signal / Blaiz Fayah / Kalibwoy","Sold out at check; use only official resale if it matters.",Melkweg,https://www.melkweg.nl/en/agenda/ade-opening-concert-kybba-metropole-orkest-special-guests-21-10-2026/,High,Concert / festival,Arts and culture,Yes,https://www.melkweg.nl/en/agenda/ade-opening-concert-kybba-metropole-orkest-special-guests-21-10-2026/,https://www.melkweg.nl/en/agenda/ade-opening-concert-kybba-metropole-orkest-special-guests-21-10-2026/,Melkweg
Jean-Michel Jarre,AFAS Live,Zuidoost,2026-10-21,2026-10-21,20:00,23:00,"Wed 21 Oct, 20:00-23:00",Wed 21 Oct,Icon series,7.8,Electronic history,"The big-room heritage play. Not intimate, but the Oxygene/ADE anniversary logic is clean and culturally legible.",Jean-Michel Jarre,"Choose this if you want the anniversary monument rather than a club crawl.",ADE,https://www.amsterdam-dance-event.nl/en/program/2026/jean-michel-jarre/2802123/,High,Concert / festival,Electronic legacy,No,https://www.amsterdam-dance-event.nl/en/program/2026/jean-michel-jarre/2802123/,https://www.amsterdam-dance-event.nl/en/program/2026/jean-michel-jarre/2802123/,ADE page
Crawler + Nkisi + 2K88 & Rainy Miller & Bianca Scout,Muziekgebouw,Centrum,2026-10-21,2026-10-21,20:15,22:30,"Wed 21 Oct, 20:15",Wed 21 Oct,Listening,8.4,Listening room,"Electronic music beyond the dance floor in a proper listening hall. A good first-night counterweight to the obvious club openers.","Crawler / Nkisi / 2K88 / Rainy Miller / Bianca Scout","Best if you want a seated, sound-led start before the late week gets loud.",Muziekgebouw,https://www.muziekgebouw.nl/en/theme/ade-2026-rswv,High,Performance,Listening / experimental,Yes,https://www.muziekgebouw.nl/en/theme/ade-2026-rswv,https://www.muziekgebouw.nl/en/theme/ade-2026-rswv,Muziekgebouw
ANOTHER ROOM x PAX-ROMANA ADE Special,ANOTHER ROOM,Centrum,2026-10-22,2026-10-22,16:00,21:00,"Thu 22 Oct, 16:00-21:00",Thu 22 Oct,Daytime,8.1,Small-room warm-up,"A small community daytime gathering from the PAX-ROMANA crew is the right antidote to ADE scale creep.","Serti / Delano Legito / Anna Randt / Julie / Elisa Batti","Go for a drink-and-dance reset before the heavier Thursday night choices.",ADE,https://www.amsterdam-dance-event.nl/en/program/2026/another-room-x-pax-romana-ade-special/2903416/,High,Community / culture,Queer / local scene,Yes,https://www.amsterdam-dance-event.nl/en/program/2026/another-room-x-pax-romana-ade-special/2903416/,https://www.amsterdam-dance-event.nl/en/program/2026/another-room-x-pax-romana-ade-special/2903416/,ADE page
Eastern Margins & Natural Mind,Parallel,Noord,2026-10-22,2026-10-23,20:00,01:00,"Thu 22 Oct, 20:00-01:00",Thu 22 Oct,Noord,8.6,Community-led,"Alternative Asian Culture and internet-underground pop/club worlds at Parallel is exactly the kind of ADE crossover that earns a ferry.",Effie / Mechatok / Minna-no-Kimochi / Torus,"A strong Noord choice if you want something scene-specific without defaulting to techno.",ADE,https://www.amsterdam-dance-event.nl/en/program/2026/eastern-margins-natural-mind/2853175/,High,Club night,Alternative / diasporic club,Yes,https://www.amsterdam-dance-event.nl/en/program/2026/eastern-margins-natural-mind/2853175/,https://www.amsterdam-dance-event.nl/en/program/2026/eastern-margins-natural-mind/2853175/,ADE page
Kompakt,IJver Amsterdam NDSM,Noord,2026-10-23,2026-10-23,14:00,22:00,"Fri 23 Oct, 14:00-22:00",Fri 23 Oct,Daytime,7.9,Label day,"A daytime NDSM label session with Michael Mayer, Robag Wruhme and Extrawelt: useful if you want history without a huge-room shove.","Extrawelt / Michael Mayer / Robag Wruhme","A clean Friday day option before deciding how much night is actually needed.",ADE,https://www.amsterdam-dance-event.nl/en/program/2026/kompakt-ade/2818548/,High,Club night,Label heads,No,https://www.amsterdam-dance-event.nl/en/program/2026/kompakt-ade/2818548/,https://www.amsterdam-dance-event.nl/en/program/2026/kompakt-ade/2818548/,ADE page
Gashouder Presents: Job Jobse,Gashouder,West / Westerpark,2026-10-23,2026-10-23,14:00,22:00,"Fri 23 Oct, 14:00-22:00",Fri 23 Oct,Icon series,8.2,Sold-out signal,"Job Jobse at Gashouder is a very Amsterdam kind of big room. Sold out at check, but worth knowing if reliable resale appears.","BASHKKA / Job Jobse / Ryan Elliott","Do not chase bad resale. This is a signal, not a mandate.",ADE,https://www.amsterdam-dance-event.nl/en/program/2026/gashouder-presents-job-jobse/2804807/,High,Club night,House / Amsterdam crowd,No,https://www.amsterdam-dance-event.nl/en/program/2026/gashouder-presents-job-jobse/2804807/,https://www.amsterdam-dance-event.nl/en/program/2026/gashouder-presents-job-jobse/2804807/,ADE page
Fabric x Loud Contact,WestWeelde,West / Westerpark,2026-10-23,2026-10-24,22:00,07:00,"Fri 23 Oct, 22:00-07:00",Fri 23 Oct,Techno,8.4,Heavyweight booking,"Jeff Mills, Dettmann, Helena Hauff and FJAAK make this the clean hard-techno choice if you want Westergas rather than another compromise night.","Jeff Mills / Marcel Dettmann / Helena Hauff / FJAAK live / Quest / Quelza / Binh / Lumiere","Treat this as the Friday commitment; it is not a casual pre-party.",WestWeelde,https://www.westweelde.nl/events/fabric-x-loud-contact-amsterdam-ade-2026-2026-10-23,High,Club night,Techno,Yes,https://www.westweelde.nl/events/fabric-x-loud-contact-amsterdam-ade-2026-2026-10-23,https://www.westweelde.nl/events/fabric-x-loud-contact-amsterdam-ade-2026-2026-10-23,WestWeelde
SPIELRAUM 55hrs,Club RAUM,West / Westerpark,2026-10-23,2026-10-26,23:00,00:00,"Fri 23 Oct, 23:00 into the weekend",Fri 23 Oct,Queer club,9.2,Protect this,"The queer-club centre of gravity for the week: massive lineup, long format, and RAUM as the right container.",Alex Kassian / BASHKKA / D.Dan / Dasha Rush / Djrum / DVS1 / Octo Octa / Rodhad / Sedef Adasi / Wata Igarashi,"Book only if you actually want the long night and the recovery bill that comes with it.",ADE,https://www.amsterdam-dance-event.nl/en/program/2026/spielraum-55hrs/2829816/,High,Club night,Queer / techno,Yes,https://www.amsterdam-dance-event.nl/en/program/2026/spielraum-55hrs/2829816/,https://www.amsterdam-dance-event.nl/en/program/2026/spielraum-55hrs/2829816/,ADE page
NRG ADE,Nxt Museum,Noord,2026-10-23,2026-10-23,14:00,22:00,"Fri 23 Oct, 14:00-22:00",Fri 23 Oct,Daytime hard,7.5,Daytime intensity,"A hard daytime session at Nxt Museum makes more sense than pretending all ADE choices have to start after midnight.","blk. / JAZZY / Jezza & jod / Kruelty / PRADA2000 / Toxic Machinery","Good if you want a contained eight-hour hit and can skip the later pile-on.",ADE,https://www.amsterdam-dance-event.nl/en/program/2026/nrg-ade/2843948/,High,Club night,Hard dance,No,https://www.amsterdam-dance-event.nl/en/program/2026/nrg-ade/2843948/,https://www.amsterdam-dance-event.nl/en/program/2026/nrg-ade/2843948/,ADE page
White Space,Space for Dance Art,Oud-West / De Baarsjes,2026-10-24,2026-10-25,12:00,18:00,"Sat 24-Sun 25 Oct, installation times vary",Sat 24 Oct,Arts,8.0,Free culture,"A participatory light-and-sound installation gives ADE a useful non-club lane and a reason to step out of the ticket arms race.",Matthias Oostrik,"Saturday and Sunday installation access is listed as free; check exact daily entry before going.",ADE,https://www.amsterdam-dance-event.nl/en/program/2026/ade-x-space/2844875/,High,Community / culture,Arts / installation,Yes,https://www.amsterdam-dance-event.nl/en/program/2026/ade-x-space/2844875/,https://www.amsterdam-dance-event.nl/en/program/2026/ade-x-space/2844875/,ADE page
Rush Hour,Lofi,West / Westerpark,2026-10-24,2026-10-24,14:00,22:00,"Sat 24 Oct, 14:00-22:00",Sat 24 Oct,Daytime,8.3,Amsterdam label logic,"Rush Hour at Lofi is the Saturday daytime house/disco/soul choice with actual local record-shop gravity.",Lineup TBA,"Choose this when the day should dance without becoming a Sunday-morning problem.",ADE,https://www.amsterdam-dance-event.nl/en/program/2026/rush-hour/2808448/,High,Club night,House / disco,Yes,https://www.amsterdam-dance-event.nl/en/program/2026/rush-hour/2808448/,https://www.amsterdam-dance-event.nl/en/program/2026/rush-hour/2808448/,ADE page
PATTA x KEEP HUSH x SANKOFA ARCHIVES x MOSAIKO x STUDIO STRIP,Skatecafe,Noord,2026-10-24,2026-10-25,21:00,03:00,"Sat 24 Oct, 21:00-03:00",Sat 24 Oct,Noord,8.5,Bass and diaspora,"Patta, Keep Hush and Sankofa at Skatecafe is the better Saturday answer if you want Amsterdam, bass pressure and diasporic club energy in one messy room.","Lashanti / Jarreau Vandal / Passion DEEZ / Tida Kamara / Mondesir / more","Recorded/broadcast event; be comfortable being filmed.",ADE,https://www.amsterdam-dance-event.nl/en/program/2026/patta-x-keep-hush/2826743/,High,Party,Local / diasporic club,Yes,https://www.amsterdam-dance-event.nl/en/program/2026/patta-x-keep-hush/2826743/,https://www.amsterdam-dance-event.nl/en/program/2026/patta-x-keep-hush/2826743/,ADE page
ZEROBPM ADE three-day ambient meditation ritual,de Thomaskerk,Zuid & Museumkwartier,2026-10-23,2026-10-25,07:30,23:59,"Fri 23-Sun 25 Oct, timed slots",Fri 23-Sun 25,Listening,8.1,Recovery intelligence,"A no-talking, no-phones, no-alcohol ambient ritual is not a side quest; it is the best recovery logic ADE is likely to offer.","Darwin / Dasha Rush / DINA / Hitam / Isabel Soto / Richard Akingbehin / Sama / Steve Rachmad","Tickets are sold by timeslot; arrive on time or do something else.",ADE,https://www.amsterdam-dance-event.nl/en/program/2026/zerobpm-ade-3-day-ambient-meditation-ritual/2829832/,High,Performance,Ambient / deep listening,Yes,https://www.amsterdam-dance-event.nl/en/program/2026/zerobpm-ade-3-day-ambient-meditation-ritual/2829832/,https://www.amsterdam-dance-event.nl/en/program/2026/zerobpm-ade-3-day-ambient-meditation-ritual/2829832/,ADE page
FSTM ADE TAKE OVER AT SKATECAFE,Skatecafe,Noord,2026-10-25,2026-10-26,13:00,01:00,"Sun 25 Oct, 13:00-01:00",Sun 25 Oct,Closing,8.7,Sunday done right,"Call Super, Eris Drew, Helena Hauff, mad miran and DJ Masda at Skatecafe is a Sunday closer with range instead of festival exhaustion cosplay.","Blasha & Allatt / Call Super / DJ Masda / Eris Drew / Helena Hauff / mad miran / Quest / Ryan Elliott","A better closing day if you still have legs but do not want a mega-venue.",ADE,https://www.amsterdam-dance-event.nl/en/program/2026/fstm-ade-take-over-at-skatecafe/2826764/,High,Party,Noord / heads,Yes,https://www.amsterdam-dance-event.nl/en/program/2026/fstm-ade-take-over-at-skatecafe/2826764/,https://www.amsterdam-dance-event.nl/en/program/2026/fstm-ade-take-over-at-skatecafe/2826764/,ADE page
Speedy J presents STOOR Live,Paradiso,Centrum,2026-10-25,2026-10-25,16:00,23:59,"Sun 25 Oct, 16:00-23:59",Sun 25 Oct,Live,8.3,Hardware spectacle,"Improvised hardware, video and lighting at Paradiso is the more interesting Sunday monument than another generic closing rave.",Donato Dozzy / Speedy J / The Fear Ratio / Wallis,"Eight hours is still eight hours. Treat it like the main plan.",ADE,https://www.amsterdam-dance-event.nl/en/program/2026/speedy-j-presents-stoor-live/2812579/,High,Performance,Techno / live AV,Yes,https://www.amsterdam-dance-event.nl/en/program/2026/speedy-j-presents-stoor-live/2812579/,https://www.amsterdam-dance-event.nl/en/program/2026/speedy-j-presents-stoor-live/2812579/,ADE page
Vault Sessions x KEY VINYL ADE,RADION,Oud-West / De Baarsjes,2026-10-25,2026-10-26,23:00,15:00,"Sun 25 Oct, 23:00-15:00",Sun 25 Oct,Closing,7.9,Final push,"A real final push at RADION, not a symbolic afterthought. Only choose it if Monday can absorb the damage.","Alarico / Fenim0re / Freddy K / Grace Dahl / Rebecca Delle Piane / Toobris / Uberkikz / Vilchezz","This is the last-dance option, not a sensible travel-day choice.",ADE,https://www.amsterdam-dance-event.nl/en/program/2026/vault-sessions-x-key-vinyl-ade-radion/2812801/,High,Club night,Techno,No,https://www.amsterdam-dance-event.nl/en/program/2026/vault-sessions-x-key-vinyl-ade-radion/2812801/,https://www.amsterdam-dance-event.nl/en/program/2026/vault-sessions-x-key-vinyl-ade-radion/2812801/,ADE page
