event_name,venue,neighborhood_area,date_start,date_end,time_start,time_end,date_time_display,pride_segment,category,steven_rating_10,rating_label,rating_rationale,lineup_djs_performers,notes,source_name,source_url,source_confidence,event_type,audience,steven_pick,details_url,ticket_url,link_label
TILLATEC invites High Hoops,TillaTec,Bos en Lommer / West,2026-07-17,2026-07-18,23:00,07:00,"2026-07-17 to 2026-07-18, 23:00-07:00",Pre-opening Pride programme,Steven would go,8.2,Strong pick,"Queer UK club energy, underground enough to be interesting without being too circuit.",Danny Daze; Merve; Aiden Francis; Fastlove,Manchester party High Hoops at TillaTec.,Resident Advisor,https://ra.co/events/2478078,High,Club night,Queer club crowd,Yes,"",https://ra.co/events/2478078,Event / tickets
Pamela invites Dalston Superstore,TillaTec,Bos en Lommer / West,2026-07-18,2026-07-19,23:00,07:00,"2026-07-18 to 2026-07-19, 23:00-07:00",Pre-opening Pride programme,Steven would go,8.1,Strong pick,Amsterdam queer local + London queer institution is a good cultural fit.,DJ Shahmaran b2b OG Karin; Ivy F; LYLO; Dakota Xclusive Lanvin; Kurtis Lincoln,Pamela and Dalston Superstore collaboration.,DJGuide,https://www.djguide.nl/party.p/566692/pamela-invites-dalston-superstore,High,Club night,Queer club crowd,Yes,https://www.djguide.nl/party.p/566692/pamela-invites-dalston-superstore,"",Details
RAUM invites Bassiani,Club RAUM,Sloterdijk / West,2026-07-18,2026-07-19,23:00,05:00,"2026-07-18 to 2026-07-19, 23:00-05:00",Pre-opening Pride programme,Steven would go,8.5,Strong pick,Proper club-culture booking with a serious underground identity.,Function; Valody; Zitto; Sophie Phare; Titia,Part of RAUM's DESIRE Pride programme before official WorldPride opening.,Club RAUM,https://www.clubraum.nl/calendar,High,Club night,Queer club crowd,Yes,https://www.clubraum.nl/calendar,"",Details
PRIDE KNIGHTS: RAUM invites SEXYLAND x BODY x No Limits! Art Castle,Club RAUM,Sloterdijk / West,2026-07-24,2026-07-25,20:00,05:00,"2026-07-24 to 2026-07-25, 20:00-05:00",Pre-opening Pride programme,Steven would go,8.8,Strong pick,"Multi-room, messy, queer, performative, and more Amsterdam-specific than polished Pride production.",Afra; Alice Olsthoorn; Animistic Beliefs; Bebe Bad; Elmer; Lis; Reanny; UNAUNA & KITT; Maara; Manu Miran; Mayo; Angel Spiders; Aryelle Freeman Hopelezz; Juno Dijkshoorn; Miss BB Bellyhood; plus No Limits! Art Castle programme,"Big RAUM collaboration across SEXYLAND, BODY and No Limits! Art Castle.",Club RAUM,https://www.clubraum.nl/calendar,High,Club night,Queer club crowd,Yes,https://www.clubraum.nl/calendar,"",Details
TILLAVISION: Aquatec,TillaTec,Bos en Lommer / West,2026-07-24,2026-07-25,23:00,08:00,"2026-07-24 to 2026-07-25, 23:00-08:00",Pre-opening Pride programme,Steven would go,8.5,Strong pick,Weird aquatic theme plus underground queer club energy; very much in the 'go because it is not generic' lane.,Juja; Diora; Sausy; Tekna,Underwater fantasy / sea creatures / sirens theme.,Music of Our Desire,https://events.musicofourdesire.com/event/odwh-tillavision-aquatec-event-amsterdam-netherlands,High,Club night,Queer club crowd,Yes,"",https://events.musicofourdesire.com/event/odwh-tillavision-aquatec-event-amsterdam-netherlands,Event / tickets
Milkshake Festival,Westerpark,Westerpark / West,2026-07-25,2026-07-26,12:00,23:00,"2026-07-25 to 2026-07-26, 12:00-23:00",Opening Pride weekend,Festival / mainstream,7.2,Good fit,"Fun and queer, but big-festival logistics make it less distinctive than RAUM, TillaTec, or Lofi.",Lineup not fully listed yet,Major queer/open-minded festival; useful if you want a large outdoor Pride start.,Pride Amsterdam,https://pride.amsterdam/en/event/milkshake-festival/,High,Concert / festival,Broad Pride crowd,No,https://pride.amsterdam/en/event/milkshake-festival/,"",Details
Pride Park,Vondelpark,Oud-Zuid / Vondelpark,2026-07-25,2026-07-25,12:00,22:00,"2026-07-25, 12:00-22:00",Opening Pride weekend,Public Pride / daytime,6.0,Selective,"Useful opening-day Pride context, but not the main reason to plan the day.",Lineup TBA,"Free official opening day with music, arts, market and community programming.",Pride Amsterdam,https://pride.amsterdam/en/event/pride-park/,High,Public programme,All visitors,No,https://pride.amsterdam/en/event/pride-park/,"",Details
Orphic #21 Pride Takeover,TillaTec,Bos en Lommer / West,2026-07-25,2026-07-26,21:00,10:00,"2026-07-25 to 2026-07-26, 21:00-10:00",Opening Pride weekend,Steven would go,7.9,Good fit,"Likely interesting, but lineups were less cleanly surfaced than RAUM/TillaTec's main agenda.",Siphonophora live; Serti; Mila Haj Kasem; Thoms Traxx; Rosati; more TBA,Listed as a long Pride takeover at TillaTec; double-check the final lineup before booking.,Resident Advisor,https://ra.co/events/2471661,Medium,Club night,Queer club crowd,Yes,"",https://ra.co/events/2471661,Event / tickets
3xNYX Milkshake After,Club NYX,Reguliersdwarsstraat / Centrum,2026-07-25,2026-07-26,23:00,05:00,"2026-07-25 to 2026-07-26, 23:00-05:00",Opening Pride weekend,Accessible pop / visitor-friendly,6.3,Selective,"Easy fun for visitors, but less distinctive than the stronger underground queer nights.",Prince Jayjay; Alexis Knox; HE.RA; Edward Meunier; Kid Kiddo; Cherry Gomez; Juja; Mrndb; Rosacea Blemish; That Cain Clown; Ashley Reece,Milkshake afterparty.,Pride Amsterdam,https://pride.amsterdam/en/event/3xnyx-milkshake-after/,High,Pop party,Mixed LGBTQ+ visitors,No,https://pride.amsterdam/en/event/3xnyx-milkshake-after/,"",Details
House of Flava,Pacific Amsterdam,Westerpark,2026-07-25,2026-07-26,23:00,04:00,"2026-07-25 to 2026-07-26, 23:00-04:00",Opening Pride weekend,Community / protest / culture,7.0,Good fit,Performance-forward and community-coded; not necessarily the strongest club pick but more interesting than generic bar hopping.,The Groovejet; Emma Champagne Queen; Countess Ayana; Aryelle Hopelezz,Free entry.,Pride Amsterdam,https://pride.amsterdam/en/event/house-of-flava/,High,Community / culture,Community-focused,No,https://pride.amsterdam/en/event/house-of-flava/,"",Details
RAUM invites NightClubbing by Jen Cardini,Club RAUM,Sloterdijk / West,2026-07-25,2026-07-26,23:00,05:00,"2026-07-25 to 2026-07-26, 23:00-05:00",Opening Pride weekend,Steven would go,8.6,Strong pick,Smart queer club booking; stylish rather than obvious Pride-brochure energy.,BADSISTA; FAFF; Jen Cardini; Slimfit; Smother,RAUM Pride DESIRE programme.,Club RAUM,https://www.clubraum.nl/calendar,High,Club night,Queer club crowd,Yes,https://www.clubraum.nl/calendar,"",Details
Drag Olympics,Homomonument,Jordaan / Westermarkt,2026-07-31,2026-07-31,16:00,00:00,"2026-07-31, 16:00-00:00",Main Pride weekend,Community / protest / culture,6.4,Selective,"Camp, historic, and silly in a good way; not a dance destination.",Lineup not fully listed yet,Classic pre-Canal Parade event.,I amsterdam,https://www.iamsterdam.com/en/whats-on/pride-amsterdam/party-tips,High,Community / culture,Community-focused,No,https://www.iamsterdam.com/en/whats-on/pride-amsterdam/party-tips,"",Details
PRIK Pride Street Party,PRIK / Spuistraat,Centrum / Jordaan edge,2026-07-31,2026-08-02,16:00,late,"2026-07-31 to 2026-08-02, 16:00-late",Main Pride weekend,Accessible pop / visitor-friendly,5.8,"Useful, not essential","Central and easy, but more fallback than destination.",MEROL tape-set; CHARRA TEA; Alice Olsthoorn; Divine; Miss Bunty; Joshua Walter; Fatale Cabaret; First Lady x Women of House; Tara McDonald; more,Big central queer street party.,Pride Amsterdam,https://pride.amsterdam/en/event/prik-pride-streetparty/,High,Pop party,Mixed LGBTQ+ visitors,No,https://pride.amsterdam/en/event/prik-pride-streetparty/,"",Details
Sweetie Darling Blockparty,The Social Hub,Wibautstraat / Oost,2026-07-31,2026-07-31,16:00,23:00,"2026-07-31, 16:00-23:00",Main Pride weekend,Accessible pop / visitor-friendly,6.6,Selective,Decent visitor-friendly pick with more local queer flavour than the central street-party crush.,Jea; Darling Peter; Iconicc; Nanda La Rose; MC Andrew Sylveste; hosted by Beltran; Joyeux Saint; Puca; Stache; Stef,Day/evening block party.,Pride Amsterdam,https://pride.amsterdam/en/event/sweetie-darling-blockparty/,High,Pop party,Mixed LGBTQ+ visitors,No,https://pride.amsterdam/en/event/sweetie-darling-blockparty/,"",Details
PRIDE Gone Country,Boom Chicago,Jordaan / Rozengracht,2026-07-31,2026-08-01,18:00,00:00,"2026-07-31 to 2026-08-01, 18:00-00:00",Main Pride weekend,Accessible pop / visitor-friendly,6.2,Selective,"Niche and funny; good if queer cowboy chaos sounds fun, not a universal pick.",STOMP; Shae G'Day,Queer cowboy/country night.,Queer Kalender,https://queer-kalender.nl/,High,Pop party,Mixed LGBTQ+ visitors,No,https://queer-kalender.nl/,"",Details
Pride is a Protest,Skatecafé,Noord,2026-07-31,2026-08-01,18:00,03:00,"2026-07-31 to 2026-08-01, 18:00-03:00",Main Pride weekend,Community / protest / culture,7.4,Good fit,Good ethos and Noord setting; still worth considering even without a full lineup.,Lineup not fully listed yet,Fundraiser/community party.,Queer Kalender,https://queer-kalender.nl/en/page/1940/pride-is-a-protest-party,Medium,Community / culture,Community-focused,No,https://queer-kalender.nl/en/page/1940/pride-is-a-protest-party,"",Details
Madam by Night Pride,Madam,Noord / A'DAM Tower,2026-07-31,2026-08-01,21:00,03:00,"2026-07-31 to 2026-08-01, 21:00-03:00",Main Pride weekend,Accessible pop / visitor-friendly,6.8,Selective,"Good Noord dinner-to-dance option, but more polished than underground.",Martien V.; Dirk Schot b2b Mike van Duuren b2b You Mann; Yazzmin,Noord Pride night.,Pride Amsterdam,https://pride.amsterdam/en/event/madam-by-night-pride/,High,Pop party,Mixed LGBTQ+ visitors,No,https://pride.amsterdam/en/event/madam-by-night-pride/,"",Details
FunHouse WorldPride Hub — Friday,WestWeelde,Westerpark,2026-07-31,2026-08-01,22:00,05:00,"2026-07-31 to 2026-08-01, 22:00-05:00",Main Pride weekend,Big Gay / Circuit,5.6,"Useful, not essential","A practical circuit option, but less distinctive than RAUM, Lofi, or TillaTec.",Lineup not fully listed yet,Part of FunHouse multi-night WestWeelde takeover.,Club Rapido,https://www.clubrapido.com/news/world-pride-2026-amsterdam-our-events-overview/,High,Circuit party,Gay men / circuit crowd,No,https://www.clubrapido.com/news/world-pride-2026-amsterdam-our-events-overview/,"",Details
Rapido / FunHouse Opening,Melkweg,Leidseplein area,2026-07-31,2026-08-01,22:00,05:00,"2026-07-31 to 2026-08-01, 22:00-05:00",Main Pride weekend,Big Gay / Circuit,5.7,"Useful, not essential",Useful if you want the circuit lane; not the strongest route through Pride.,Kitty Glitter; Kingstone; Prisz; ANDRO-G; The Vipers Squat & Friends,WorldPride opening for Rapido/FunHouse crowd.,Resident Advisor,https://ra.co/events/2386613,High,Circuit party,Gay men / circuit crowd,No,"",https://ra.co/events/2386613,Event / tickets
BOPS x KIKI,The Other Side,Noord,2026-07-31,2026-08-01,23:00,05:00,"2026-07-31 to 2026-08-01, 23:00-05:00",Main Pride weekend,Accessible pop / visitor-friendly,6.5,Selective,"Potentially fun visitor pick, but lineup was not clear enough to rank higher.",Lineup TBA,Pride party at The Other Side.,Resident Advisor,https://ra.co/events/2355301,Medium,Pop party,Mixed LGBTQ+ visitors,No,"",https://ra.co/events/2355301,Event / tickets
LAUNDRETTE …IsBurning,Lofi,West / Sloterdijk-ish,2026-07-31,2026-08-01,23:00,07:00,"2026-07-31 to 2026-08-01, 23:00-07:00",Main Pride weekend,Steven would go,8.8,Strong pick,"IsBurning at Lofi is very aligned: joyful, queer, less basic than central Pride.",Secret lineup,Pride opening party at Lofi.,Resident Advisor,https://ra.co/events/2453155,High,Club night,Queer club crowd,Yes,"",https://ra.co/events/2453155,Event / tickets
RAUM invites Mala Junta,Club RAUM,Sloterdijk / West,2026-07-31,2026-08-01,23:00,05:00,"2026-07-31 to 2026-08-01, 23:00-05:00",Main Pride weekend,Steven would go,9.0,Top pick,Serious queer rave booking with an international edge; exactly the type of Pride event to foreground.,"Barroskini b2b Diora; The BPM Dynasty: DJ Tool, D. Tiffany, Yazzus; ????; Hyperaktivist",RAUM Friday main Pride event.,Club RAUM,https://www.clubraum.nl/calendar,High,Club night,Queer club crowd,Yes,https://www.clubraum.nl/calendar,"",Details
World Pride: The Planet x Los Angles / Planet Angels,TillaTec,Bos en Lommer / West,2026-07-31,2026-08-01,23:00,07:00,"2026-07-31 to 2026-08-01, 23:00-07:00",Main Pride weekend,Steven would go,9.0,Top pick,"One of the strongest fits: queer, trans-forward, global, underground, and at the right venue.",Mina Galán; Clementaum; ARCHANGEL; DIORA; NMSS; angelboy; YoungWoman; Smother; Miss Jay; Lis; GLTTR GDDSS; Lucrezia,The Planet x Los Angles Pride night.,Resident Advisor,https://ra.co/events/2453528,High,Club night,Queer club crowd,Yes,"",https://ra.co/events/2453528,Event / tickets
Amsterdam Pride Street Parties,Various city venues,Centrum / city-wide,2026-07-31,2026-08-01,varies,varies,"2026-07-31 to 2026-08-01, varies-varies",Main Pride weekend,Public Pride / daytime,5.5,"Useful, not essential",Useful if you want a casual public Pride scene; expect high tourist density and less precision.,Various,Official city-wide street parties.,Pride Amsterdam,https://pride.amsterdam/en/worldpride/,High,Public programme,All visitors,No,https://pride.amsterdam/en/worldpride/,"",Details
DJ Bone presents FURTHER x HE.SHE.THEY. WorldPride,Paradiso,Leidseplein area,2026-07-31,2026-08-01,TBA,TBA,"2026-07-31 to 2026-08-01, TBA-TBA",Main Pride weekend,Steven would go,7.8,Good fit,"Strong electronic/queer booking signal, though Paradiso is less distinctive than RAUM, Lofi, or TillaTec.",DJ Bone; HE.SHE.THEY. lineup not fully captured,Serious Pride electronic option.,DJGuide,https://www.djguide.nl/events.p?city=amsterdam&language=en,Medium,Club night,Queer club crowd,Yes,https://www.djguide.nl/events.p?city=amsterdam&language=en,"",Details
Homomonument x BRET Afterhours,BRET,Sloterdijk / West,2026-07-31,2026-08-01,TBA,TBA,"2026-07-31 to 2026-08-01, TBA-TBA",Main Pride weekend,Steven would go,7.7,Good fit,Queer and west-side with a better local feel than obvious central bars.,Alma Negrot; Heleen Poos; Juliana X; Larry Tee; Morgan Wood; Olive T,Afterhours Pride option.,Resident Advisor,https://de.ra.co/events/2488590,High,Club night,Queer club crowd,Yes,"",https://de.ra.co/events/2488590,Event / tickets
Queer Caribbean Party — Caribbean Live Experience,Club Up / Tequila Club,Leidseplein area,2026-07-31,2026-08-01,TBA,TBA,"2026-07-31 to 2026-08-01, TBA-TBA",Main Pride weekend,BIPOC / Caribbean / Black queer,7.8,Good fit,Culturally stronger and less generic than a lot of Pride programming.,AvionBoyz; MC Lady Lava; DJ Jasmine Perez,Part of Queer Caribbean Pride weekend series.,Pride Amsterdam,https://pride.amsterdam/en/event/queer-caribbean-party/,High,Queer diaspora party,BIPOC / diaspora crowd,No,https://pride.amsterdam/en/event/queer-caribbean-party/,"",Details
WorldPride Music Festival,AFAS Live,Zuid-Oost,2026-07-31,2026-08-01,TBA,TBA,"2026-07-31 to 2026-08-01, TBA-TBA",Main Pride weekend,Festival / mainstream,6.2,Selective,"Big names and spectacle, but too arena-mainstream to be your first instinct; Honey Dijon raises the score.",Bebe Rexha; Paris Hilton; Honey Dijon; LP Giobbi; Oliver Heldens; Purple Disco Machine; Hayla; MNEK; more,Large-scale WorldPride music festival.,I amsterdam,https://www.iamsterdam.com/en/whats-on/pride-amsterdam/party-tips,High,Concert / festival,Broad Pride crowd,No,https://www.iamsterdam.com/en/whats-on/pride-amsterdam/party-tips,"",Details
Canal Parade,Amsterdam canals,City-wide,2026-08-01,2026-08-01,12:00,18:00,"2026-08-01, 12:00-18:00",Main Pride weekend,Public Pride / daytime,6.5,Selective,"Essential context for visitors, but the crowds are a lot; treat it as spectacle, not a full-day personality.",Official parade boats,Public daytime anchor of Amsterdam Pride weekend.,Pride Amsterdam,https://pride.amsterdam/en/event/canal-parade/,High,Public programme,All visitors,No,https://pride.amsterdam/en/event/canal-parade/,"",Details
12HRS Adonis x SPIELRAUM,Club RAUM,Sloterdijk / West,2026-08-01,2026-08-02,20:00,08:00,"2026-08-01 to 2026-08-02, 20:00-08:00",Main Pride weekend,Steven would go,9.7,Top pick,Probably the top serious queer club pick of Canal Parade night.,Grace Sands; Hannah Holland; Josh Caffé; Shay Malt; Polly F; Twiena; Yigit,Adonis x Spielraum 12-hour Pride night.,Club RAUM,https://www.clubraum.nl/calendar,High,Club night,Queer club crowd,Yes,https://www.clubraum.nl/calendar,"",Details
Bear-Necessity Pride,Panama,Oostelijke Eilanden,2026-08-01,2026-08-02,22:00,05:00,"2026-08-01 to 2026-08-02, 22:00-05:00",Main Pride weekend,Big Gay / Circuit,4.8,"Useful, not essential","Important for the bear/circuit audience, but less aligned with the sharper club edit.",Sergio Cardoso; Be-Rik; Chris Bekker,Bear/circuit Pride night.,Pride Amsterdam,https://pride.amsterdam/en/event/bear-necessity-pride/,High,Circuit party,Gay men / circuit crowd,No,https://pride.amsterdam/en/event/bear-necessity-pride/,"",Details
Doppelgang presents Honey Honey,Skatecafé,Noord,2026-08-01,2026-08-02,22:00,03:00,"2026-08-01 to 2026-08-02, 22:00-03:00",Main Pride weekend,Steven would go,7.6,Good fit,"Noord, Skatecafé and a less obvious Pride lane make it worth checking.",Lineup not fully listed yet,Skatecafé Pride night.,Resident Advisor,https://ra.co/events/2473182,Medium,Club night,Queer club crowd,Yes,"",https://ra.co/events/2473182,Event / tickets
FunHouse Saturday,WestWeelde,Westerpark,2026-08-01,2026-08-02,22:00,07:00,"2026-08-01 to 2026-08-02, 22:00-07:00",Main Pride weekend,Big Gay / Circuit,5.7,"Useful, not essential","Large-scale Pride production; useful to know about, but not the most interesting recommendation here.",Jesús Montañez; Juan Niño; Alejandro Alvarez; Max Del Principe; Vakfrau; H!DE; ICONICC b2b Mika Akela; Nathalie Henriette; Vipers Squat,FunHouse XL Saturday night.,Club Rapido,https://www.clubrapido.com/events-tickets/world-pride-2026-funhouse-xl-01-08-2026/,High,Circuit party,Gay men / circuit crowd,No,"",https://www.clubrapido.com/events-tickets/world-pride-2026-funhouse-xl-01-08-2026/,Event / tickets
Janey Pride — Pride Urban Edition,Bitterzoet,Centrum,2026-08-01,2026-08-02,22:00,04:00,"2026-08-01 to 2026-08-02, 22:00-04:00",Main Pride weekend,FLINTA / Lesbian-focused,7.1,Good fit,"Audience-specific, but musically and culturally more interesting than generic mainstream Pride.","Lineup not fully listed yet; styles listed include urban, R&B, afro, amapiano, dancehall, reggaeton, hip-hop",Girls-who-love-girls Pride night.,Pride Amsterdam,https://pride.amsterdam/en/event/janey-pride-amsterdam/,High,Party,FLINTA / lesbian-focused,No,https://pride.amsterdam/en/event/janey-pride-amsterdam/,"",Details
TILLATEC invites Herrensauna + KNIT,TillaTec,Bos en Lommer / West,2026-08-01,2026-08-02,22:00,12:00,"2026-08-01 to 2026-08-02, 22:00-12:00",Main Pride weekend,Steven would go,9.4,Top pick,"Hard, queer, international, long-form, and venue-specific; very aligned.",Andres Soria; CARISTA; CEM; Cormac; Emma Champagne Queen; Gian Battista; HAAi; Lara Renner; Magdo; MCMLXXXV; Mystral; Narciss; Slim Soledad; Tommy Hart; fka.m4a,Part one of TillaTec's 36-hour WorldPride weekender.,Resident Advisor,https://ra.co/events/2462147,High,Club night,Queer club crowd,Yes,"",https://ra.co/events/2462147,Event / tickets
3xNYX Pride,Club NYX,Reguliersdwarsstraat / Centrum,2026-08-01,2026-08-02,23:00,05:00,"2026-08-01 to 2026-08-02, 23:00-05:00",Main Pride weekend,Accessible pop / visitor-friendly,6.4,Selective,"Fun for a mixed group, though it is the obvious central option.",Valentijn de Hingh; Toby Corton; Jimi the Kween; Alice Olsthoorn; The Real Miss Colombia; Krioro; Cleyani; Joan Cute Sack; Himeros; Envy Peru; Abby OMG; more,Multi-room NYX Pride night.,Pride Amsterdam,https://pride.amsterdam/en/event/3xnyx-pride/,High,Pop party,Mixed LGBTQ+ visitors,No,https://pride.amsterdam/en/event/3xnyx-pride/,"",Details
PRIDE …IsBurning,Lofi,West / Sloterdijk-ish,2026-08-01,2026-08-02,23:00,07:00,"2026-08-01 to 2026-08-02, 23:00-07:00",Main Pride weekend,Steven would go,9.0,Top pick,A big yes if you can get tickets: joyous queer dancefloor rather than central Pride chaos.,Secret lineup,Canal Parade night IsBurning at Lofi.,Resident Advisor,https://ra.co/events/2439708,High,Club night,Queer club crowd,Yes,"",https://ra.co/events/2439708,Event / tickets
Headrush x Damage — Amsterdam WorldPride Edition,The Other Side,Noord,2026-08-01,2026-08-02,TBA,TBA,"2026-08-01 to 2026-08-02, TBA-TBA",Main Pride weekend,Big Gay / Circuit,6.2,Selective,"Potentially heavy enough to be interesting, but the lineup detail is still thin.",Lineup not fully listed yet,Appears in broader Pride party listings.,DJGuide,https://www.djguide.nl/events.p?city=amsterdam&language=en,Medium,Circuit party,Gay men / circuit crowd,No,https://www.djguide.nl/events.p?city=amsterdam&language=en,"",Details
Poof Doof Amsterdam,Sissi's,Centrum / exact area verify,2026-08-01,2026-08-02,TBA,TBA,"2026-08-01 to 2026-08-02, TBA-TBA",Main Pride weekend,Accessible pop / visitor-friendly,5.9,"Useful, not essential","Useful if you want a bigger accessible party, not a core pick.",Lineup not fully listed yet,Canal Parade night listing from broader party calendars.,DJGuide,https://www.djguide.nl/events.p?city=amsterdam&language=en,Medium,Pop party,Mixed LGBTQ+ visitors,No,https://www.djguide.nl/events.p?city=amsterdam&language=en,"",Details
Queer Caribbean Party — Caribbean Fête,Club Up,Leidseplein area,2026-08-01,2026-08-02,TBA,TBA,"2026-08-01 to 2026-08-02, TBA-TBA",Main Pride weekend,BIPOC / Caribbean / Black queer,8.0,Strong pick,Diaspora queer programming with real music identity; stronger than the standard circuit menu.,Princess Vineyard; Randy Diaz; Vennnce; Shre; MC Diamond,Part of Queer Caribbean Pride weekend series.,Pride Amsterdam,https://pride.amsterdam/en/event/queer-caribbean-party/,High,Queer diaspora party,BIPOC / diaspora crowd,No,https://pride.amsterdam/en/event/queer-caribbean-party/,"",Details
TILLATEC invites KNIT + VESELKA,TillaTec,Bos en Lommer / West,2026-08-02,2026-08-03,12:00,08:00,"2026-08-02 to 2026-08-03, 12:00-08:00",Main Pride weekend,Steven would go,9.2,Top pick,"Long, underground, international, and not just another Canal Parade afterparty.",Bjarki; Cybersex; Djooke; Eurotic; HUSC; ISAbella; Jaspol; Kilopatrah Jones; Marie Malarie; Maze; Moody Mehran; Pablo Bozzi; Tweeman; special guests,Part two of TillaTec's 36-hour WorldPride weekender.,Resident Advisor,https://ra.co/events/2462151,High,Club night,Queer club crowd,Yes,"",https://ra.co/events/2462151,Event / tickets
FunHouse Sunday Daytime Rave,WestWeelde,Westerpark,2026-08-02,2026-08-02,13:00,23:00,"2026-08-02, 13:00-23:00",Main Pride weekend,Big Gay / Circuit,5.6,"Useful, not essential",A practical continuation if you want the circuit lane; not the most characterful pick.,Lineup not fully listed yet,Daytime continuation of FunHouse Pride Hub.,Club Rapido,https://www.clubrapido.com/news/world-pride-2026-amsterdam-our-events-overview/,High,Circuit party,Gay men / circuit crowd,No,https://www.clubrapido.com/news/world-pride-2026-amsterdam-our-events-overview/,"",Details
SPIELRAUM …IsBurning,Lofi,West / Sloterdijk-ish,2026-08-02,2026-08-02,13:00,late,"2026-08-02, 13:00-late",Main Pride weekend,Steven would go,9.3,Top pick,Excellent Sunday move: daytime courtyard plus two of the best queer Amsterdam party signals.,Secret lineup,Spielraum and IsBurning at Lofi.,Resident Advisor,https://de.ra.co/events/2439706,High,Club night,Queer club crowd,Yes,"",https://de.ra.co/events/2439706,Event / tickets
MainStage Dam Grand Finale,Dam Square,Centrum,2026-08-02,2026-08-02,14:00,23:00,"2026-08-02, 14:00-23:00",Main Pride weekend,Public Pride / daytime,4.8,"Useful, not essential",Useful for public Pride completionists; Dam Square is usually not where the good version of Amsterdam lives.,Lineup not fully listed yet,Official main weekend public finale.,Pride Amsterdam,https://pride.amsterdam/en/worldpride/,High,Public programme,All visitors,No,https://pride.amsterdam/en/worldpride/,"",Details
Bear-Necessity T-Dance,Panama,Oostelijke Eilanden,2026-08-02,2026-08-02,15:00,22:00,"2026-08-02, 15:00-22:00",Main Pride weekend,Big Gay / Circuit,4.9,"Useful, not essential","Audience-specific bear T-dance; useful if that is your lane, not a core pick.",DJ names not captured,Retro disco-pop 80s/90s/2000s bear T-dance.,Pride Amsterdam,https://pride.amsterdam/en/event/bear-necessity-t-dance-disco/,High,Circuit party,Gay men / circuit crowd,No,https://pride.amsterdam/en/event/bear-necessity-t-dance-disco/,"",Details
Rapido — WorldPride Edition,Paradiso,Leidseplein area,2026-08-02,2026-08-03,15:00,02:00,"2026-08-02 to 2026-08-03, 15:00-02:00",Main Pride weekend,Big Gay / Circuit,5.9,"Useful, not essential","Classic big gay Pride option; worth knowing about, but do not over-plan around it.",Lineup not fully listed yet,RA listing was previously marked sold out.,Resident Advisor,https://ra.co/events/2390854,High,Circuit party,Gay men / circuit crowd,No,"",https://ra.co/events/2390854,Event / tickets
Janey Pride,Club NYX,Reguliersdwarsstraat / Centrum,2026-08-02,2026-08-02,18:00,23:59,"2026-08-02, 18:00-23:59",Main Pride weekend,FLINTA / Lesbian-focused,6.8,Selective,"Important to list for audience fit, though not one of the strongest night-out picks.",Lineup not fully listed yet,Girls-who-love-girls Pride event.,Pride Amsterdam,https://pride.amsterdam/en/event/janey-pride-amsterdam-2-aug/,High,Party,FLINTA / lesbian-focused,No,https://pride.amsterdam/en/event/janey-pride-amsterdam-2-aug/,"",Details
FPQXL,Paradiso,Leidseplein area,2026-08-02,2026-08-03,22:00,05:00,"2026-08-02 to 2026-08-03, 22:00-05:00",Main Pride weekend,Accessible pop / visitor-friendly,5.8,"Useful, not essential",Good for accessible pop nostalgia; less aligned with the more offbeat club-culture side of the city.,Lineup not fully listed yet,Long-running pop party celebrating 20 years.,I amsterdam,https://www.iamsterdam.com/en/whats-on/pride-amsterdam/party-tips,High,Pop party,Mixed LGBTQ+ visitors,No,https://www.iamsterdam.com/en/whats-on/pride-amsterdam/party-tips,"",Details
Party @ De Trut,De Trut,Oud-West,2026-08-02,2026-08-03,22:00,03:00,"2026-08-02 to 2026-08-03, 22:00-03:00",Main Pride weekend,Community / protest / culture,7.4,Good fit,"Old-school anti-commercial queer Sunday option; more community than polish, which is a feature.",Lineup not fully listed yet,Historic queer Sunday night.,Queer Kalender,https://queer-kalender.nl/,High,Community / culture,Community-focused,No,https://queer-kalender.nl/,"",Details
RAUM invites Dekmantel,Club RAUM,Sloterdijk / West,2026-08-02,2026-08-03,23:00,05:00,"2026-08-02 to 2026-08-03, 23:00-05:00",Main Pride weekend,Steven would go,8.0,Strong pick,"RAUM plus Dekmantel is a good signal, but the lineup is not fully announced yet.",Lineup TBA,Excluded from RAUM Pride Passe-Partout.,Club RAUM,https://www.clubraum.nl/calendar,Medium,Club night,Queer club crowd,Yes,https://www.clubraum.nl/calendar,"",Details
Rapido / FunHouse After,WestWeelde,Westerpark,2026-08-02,2026-08-03,23:59,07:00,"2026-08-02 to 2026-08-03, 23:59-07:00",Main Pride weekend,Big Gay / Circuit,5.5,"Useful, not essential",After-hours circuit practicalities; not a top recommendation unless that is exactly what you want.,Pagano all night long; possible secret guests,Afterparty after Rapido/FunHouse.,Resident Advisor,https://ra.co/events/2396378,High,Circuit party,Gay men / circuit crowd,No,"",https://ra.co/events/2396378,Event / tickets
Unity Concert,Museumplein,Museumkwartier,2026-08-04,2026-08-04,17:30,23:00,"2026-08-04, 17:30-23:00",Between weekends,Festival / mainstream,4.8,"Useful, not essential","Culturally notable, though the stronger picks here are clubbier and more local.",Hosted by Conchita Wurst and Envy Peru; Billy Porter; Beth Ditto; Berget Lewis; Gustaph; Emma Kok; Tara McDonald & Zulu Green; more,WorldPride concert.,Pride Amsterdam,https://pride.amsterdam/en/event/unity-concert/,High,Concert / festival,Broad Pride crowd,No,https://pride.amsterdam/en/event/unity-concert/,https://weeztix.shop/qyacqtb9,Tickets
Pon di Pride,WestWeelde,Westerpark,2026-08-05,2026-08-06,TBA,TBA,"2026-08-05 to 2026-08-06, TBA-TBA",Between weekends,BIPOC / Caribbean / Black queer,8.2,Strong pick,Strong cultural identity and much more necessary to include than another generic circuit night.,Lineup not fully listed yet,BIPOC / Black LGBTQI+ Caribbean club-night energy.,I amsterdam,https://www.iamsterdam.com/en/whats-on/pride-amsterdam/party-tips,High,Queer diaspora party,BIPOC / diaspora crowd,No,https://www.iamsterdam.com/en/whats-on/pride-amsterdam/party-tips,"",Details
Wedding Party XXL,Museumplein,Museumkwartier,2026-08-06,2026-08-06,17:30,23:00,"2026-08-06, 17:30-23:00",Between weekends,Public Pride / daytime,5.7,"Useful, not essential","Huge public spectacle; KI/KI saves it from being purely novelty, but it is not essential.",Billy Porter; Bimini; KI/KI; Vengaboys,Large WorldPride public event.,I amsterdam,https://pride.amsterdam/en/event/wedding-party-xxl/,High,Public programme,All visitors,No,https://pride.amsterdam/en/event/wedding-party-xxl/,https://weeztix.shop/ekuq44b2,Tickets
RAUM invites Fatale Cabaret,Club RAUM,Sloterdijk / West,2026-08-07,2026-08-07,18:45,TBA,"2026-08-07, 18:45-TBA",Closing WorldPride weekend,Cabaret / drag / performance,7.8,Good fit,Performance-forward RAUM programming; strong pre-club cultural pick.,Eve Fatale; JO.JOE; Púca; DICE SPIDERS; Juno Dijkshoorn; ORKGOTIK; Ma'ma Queen; Salma Zahore,Show starts 19:30; combo tickets connect into later club night.,Club RAUM,https://www.clubraum.nl/calendar,High,Performance,Mixed LGBTQ+ crowd,No,https://www.clubraum.nl/calendar,"",Details
FunHouse WorldPride Weekend Two — Friday,WestWeelde,Westerpark,2026-08-07,2026-08-08,22:00,05:00,"2026-08-07 to 2026-08-08, 22:00-05:00",Closing WorldPride weekend,Big Gay / Circuit,5.6,"Useful, not essential",Good to list for the circuit crowd; less important for the sharper curated version.,Lineup not fully listed yet,Second-weekend FunHouse takeover.,Club Rapido,https://www.clubrapido.com/events-tickets/,High,Circuit party,Gay men / circuit crowd,No,"",https://www.clubrapido.com/events-tickets/,Event / tickets
Bashkka presents INVIGORATE A.M.,Club RAUM,Sloterdijk / West,2026-08-07,2026-08-08,23:00,07:00,"2026-08-07 to 2026-08-08, 23:00-07:00",Closing WorldPride weekend,Steven would go,9.8,Top pick,"Juliana Huxtable at RAUM during WorldPride is exactly the sort of sharp, queer, less-obvious event to prioritize.",Bashkka; Eris Drew; 36framez; Clarisa Kimskii; Juliana Huxtable,Top closing-weekend RAUM pick.,Club RAUM,https://www.clubraum.nl/calendar,High,Club night,Queer club crowd,Yes,https://www.clubraum.nl/calendar,"",Details
Friday is NYX — WorldPride,Club NYX,Reguliersdwarsstraat / Centrum,2026-08-07,2026-08-08,23:00,05:00,"2026-08-07 to 2026-08-08, 23:00-05:00",Closing WorldPride weekend,Accessible pop / visitor-friendly,6.2,Selective,"Fine for an easy central queer club night, but not a destination pick.",Hey Girl Hey; Aiscream; Not Yet; Joseph Steel; Raw-E; DJ Lorry; Him b2b Kemp; DarkRaum performance,NYX closing-weekend WorldPride night.,Pride Amsterdam,https://pride.amsterdam/en/event/vrijdag-is-nyx-world-pride/,High,Pop party,Mixed LGBTQ+ visitors,No,https://pride.amsterdam/en/event/vrijdag-is-nyx-world-pride/,"",Details
Headrush x Ben Manson — Amsterdam World Pride Edition,Akhnaton,Centrum,2026-08-07,2026-08-08,23:00,05:00,"2026-08-07 to 2026-08-08, 23:00-05:00",Closing WorldPride weekend,Big Gay / Circuit,6.4,Selective,Could be more interesting if someone wants techno/circuit crossover; not enough detail to rank high.,Ben Manson; supporting lineup not captured,Queer techno rave.,Queer Kalender,https://queer-kalender.nl/en/page/1365/headrush-x-ben-manson---amsterdam-world-pride-edition,Medium,Circuit party,Gay men / circuit crowd,No,https://queer-kalender.nl/en/page/1365/headrush-x-ben-manson---amsterdam-world-pride-edition,"",Details
WorldPride: Horse Meat Disco,TillaTec,Bos en Lommer / West,2026-08-07,2026-08-08,23:00,07:00,"2026-08-07 to 2026-08-08, 23:00-07:00",Closing WorldPride weekend,Steven would go,8.2,Strong pick,Queer disco/house joy in a strong venue; easier and warmer than the hard techno options.,Lineup TBA,Horse Meat Disco at TillaTec.,Pride Amsterdam,https://pride.amsterdam/en/event/horse-meat-disco/,Medium,Club night,Queer club crowd,Yes,https://pride.amsterdam/en/event/horse-meat-disco/,"",Details
Backdoor presents WE — Picante,Panama,Oostelijke Eilanden,2026-08-07,2026-08-08,TBA,TBA,"2026-08-07 to 2026-08-08, TBA-TBA",Closing WorldPride weekend,Big Gay / Circuit,5.6,"Useful, not essential",High-production gay/circuit night; more useful than essential.,WE Party Madrid / Backdoor collaboration; lineup not captured,Big circuit-style closing-weekend option.,Resident Advisor,https://ra.co/events/2473176,High,Circuit party,Gay men / circuit crowd,No,"",https://ra.co/events/2473176,Event / tickets
"Club Lofi pres. BIIANCO, Fiene, LSDXOXO, Supergloss",Lofi,West / Sloterdijk-ish,2026-08-07,2026-08-08,TBA,TBA,"2026-08-07 to 2026-08-08, TBA-TBA",Closing WorldPride weekend,Steven would go,8.4,Strong pick,LSDXOXO/Supergloss/Lofi is culturally relevant even if not every listing screamed Pride.,BIIANCO; Fiene; LSDXOXO; Supergloss,"Not always explicitly Pride-branded in listings, but very relevant closing-weekend programming.",Resident Advisor,https://ra.co/events/2437706,High,Club night,Queer club crowd,Yes,"",https://ra.co/events/2437706,Event / tickets
FunHouse Closing Night,WestWeelde,Westerpark,2026-08-08,2026-08-09,22:00,07:00,"2026-08-08 to 2026-08-09, 22:00-07:00",Closing WorldPride weekend,Big Gay / Circuit,5.6,"Useful, not essential","A large-production closing option; useful to know about, but not top tier here.",Luuk de Keizer; Saeed Ali; Max del Principe; more TBA,FunHouse closing night.,Club Rapido,https://www.clubrapido.com/events-tickets/world-pride-2026-funhouse-world-pride-hub-saturday-08-08-2026/,High,Circuit party,Gay men / circuit crowd,No,"",https://www.clubrapido.com/events-tickets/world-pride-2026-funhouse-world-pride-hub-saturday-08-08-2026/,Event / tickets
Lesbique — WorldPride,Club Church,Kerkstraat / Centrum,2026-08-08,2026-08-09,22:00,05:00,"2026-08-08 to 2026-08-09, 22:00-05:00",Closing WorldPride weekend,FLINTA / Lesbian-focused,7.3,Good fit,"Audience-specific, and more interesting than generic central Pride if this is your lane.",Dukes and Dames; performances; drag,Queer party/playground framing.,Queer Kalender,https://queer-kalender.nl/,High,Party,FLINTA / lesbian-focused,No,https://queer-kalender.nl/,"",Details
HYPERPRIDE,Parallel,Noord,2026-08-08,2026-08-09,23:00,06:00,"2026-08-08 to 2026-08-09, 23:00-06:00",Closing WorldPride weekend,Steven would go,8.4,Strong pick,Harder/younger queer rave energy at a good Noord venue; strong fit for the right group.,Yasmin Gardezi; DJ SEXSTASY; angelboy; Lara Renner,Closing-weekend queer rave.,Pride Amsterdam,https://pride.amsterdam/en/event/hyperpride/,High,Club night,Queer club crowd,Yes,https://pride.amsterdam/en/event/hyperpride/,"",Details
PowerHause x World Pride Edition,Akhnaton,Centrum,2026-08-08,2026-08-09,23:00,05:00,"2026-08-08 to 2026-08-09, 23:00-05:00",Closing WorldPride weekend,Big Gay / Circuit,5.8,"Useful, not essential","Useful fetish/circuit option, but not one of the highest-fit picks.",Lineup not fully listed yet,Queer circuit house with playroom by Mister B.,DJGuide,https://www.djguide.nl/party.p/556901/powerhause-x-world-pride-edition,High,Circuit party,Gay men / circuit crowd,No,https://www.djguide.nl/party.p/556901/powerhause-x-world-pride-edition,"",Details
RADION invites GEGEN,RADION,Slotervaart / West,2026-08-08,2026-08-09,23:00,08:00,"2026-08-08 to 2026-08-09, 23:00-08:00",Closing WorldPride weekend,Steven would go,9.0,Top pick,"Darker, fetish-coded, and musically credible; not for everyone, but very relevant if you want a harder closing-night option.",BOYCA; Boris; Yigit; Mila Haj Kasem; Mar/us; Nymed b2b Spikey Lee; Shadysnack,Fetish/latex/leather/no-casual-wear dress code; Playroom Company hosts an XXL area.,Resident Advisor,https://ra.co/events/2433222,High,Club night,Queer club crowd,Yes,"",https://ra.co/events/2433222,Event / tickets
RAUM invites …IsBurning x Gay Haze,Club RAUM,Sloterdijk / West,2026-08-08,2026-08-09,23:00,05:00,"2026-08-08 to 2026-08-09, 23:00-05:00",Closing WorldPride weekend,Steven would go,9.5,Top pick,RAUM + IsBurning + Gay Haze is basically a bullseye for a serious queer Amsterdam club night.,Lineup TBA,Major RAUM closing WorldPride night.,Club RAUM,https://www.clubraum.nl/calendar,Medium,Club night,Queer club crowd,Yes,https://www.clubraum.nl/calendar,"",Details
"TILLATEC invites BOUDICA, HOWL & PERVERT",TillaTec,Bos en Lommer / West,2026-08-08,2026-08-09,23:00,11:00,"2026-08-08 to 2026-08-09, 23:00-11:00",Closing WorldPride weekend,Steven would go,9.6,Top pick,Mexico City PERVERT + TillaTec + queer underground programming: one of the strongest events in the whole schedule.,BOUDICA; HOWL; PERVERT,TillaTec WorldPride closing club night.,Pride Amsterdam,https://pride.amsterdam/en/event/worldpride-tillatec-invites-boudica-howl-pervert/,High,Club night,Queer club crowd,Yes,https://pride.amsterdam/en/event/worldpride-tillatec-invites-boudica-howl-pervert/,"",Details
Tropikali BY NIGHT — WorldPride Amsterdam,Paradiso,Leidseplein area,2026-08-08,2026-08-09,23:30,05:00,"2026-08-08 to 2026-08-09, 23:30-05:00",Closing WorldPride weekend,BIPOC / Caribbean / Black queer,8.8,Strong pick,Joyful queer diaspora energy; one of the better non-techno closing picks.,S-candalo; Doppelgang; Protopapa; ASHTATTZ; Absoluut,Latin-spiced house/electronic upstairs; Balkan and SWANA/Arab electronic sounds downstairs.,Resident Advisor,https://ra.co/events/2375945,High,Queer diaspora party,BIPOC / diaspora crowd,No,"",https://ra.co/events/2375945,Event / tickets
Black Pride Closing x Pon Di Pride,Melkweg,Leidseplein area,2026-08-08,2026-08-09,TBA,TBA,"2026-08-08 to 2026-08-09, TBA-TBA",Closing WorldPride weekend,BIPOC / Caribbean / Black queer,8.3,Strong pick,Important so the recommendations do not collapse into white techno/circuit Pride.,Lineup not fully listed yet,Black Pride / Pon Di Pride closing programming.,DJGuide,https://www.djguide.nl/events.p?city=amsterdam&language=en,Medium,Queer diaspora party,BIPOC / diaspora crowd,No,https://www.djguide.nl/events.p?city=amsterdam&language=en,"",Details
WorldPride Closing Concert,Museumplein,Museumkwartier,2026-08-08,2026-08-08,18:00,23:59,"2026-08-08, 18:00-23:59",Closing WorldPride weekend,Festival / mainstream,5.5,"Useful, not essential",Worth noting if you like big public events; not the strongest nightlife pick.,Anita Doth; Diana King; Lion Babe; Olly Alexander / Years & Years; The Blessed Madonna; House of Vineyard; hosted by Amber Vineyard and Janey Jacké,Official WorldPride closing concert.,Pride Amsterdam,https://pride.amsterdam/en/event/closing-concert/,High,Concert / festival,Broad Pride crowd,No,https://pride.amsterdam/en/event/closing-concert/,https://weeztix.shop/x2ngq3my,Tickets
WorldPride March,Martin Luther Kingpark to Museumplein,City-wide,2026-08-08,2026-08-08,14:00,18:00,"2026-08-08, 14:00-18:00",Closing WorldPride weekend,Public Pride / daytime,6.5,Selective,Public/political context matters; not a party but useful for visitors during the closing weekend.,Official march,Official WorldPride March.,Pride Amsterdam,https://pride.amsterdam/en/event/worldpride-march/,High,Public programme,All visitors,No,https://pride.amsterdam/en/event/worldpride-march/,"",Details
